username,user_name,email,password
eagerWigeon4,Andrew Romero,AndrewRomero73@gmail.com,mhY5yG'qIS]~
excitedBobolink6,Martin Doyle,MartinDoyle35@gmail.com,fOQgRn{Awa8|
crummyPaella9,Pablo Wahid,PabloWahid83@aol.com,"nkja7t`i""9#{"
vengefulPaella3,Mark Relyea,MarkRelyea44@aol.com,FVnxRVF^BBK]
troubledMuesli0,Joseph Sole,JosephSole92@yahoo.com,R*l{*daMasn{
excludedWasp3,Scott Rasmussen,ScottRasmussen98@aol.com,"&Q/B4MC""eGe3"
tautTortoise8,Victor Allen,VictorAllen36@aol.com,"gL4HwFD5(,OT"
spiritedPoultry3,Jesus Strother,JesusStrother94@gmail.com,<A54I`D33FP=
cynicalFish0,Steven Jenkins,StevenJenkins16@aol.com,"ZBAVlL""=5`Q>"
ferventThrushe5,Alfred Mallat,AlfredMallat85@aol.com,?j-9J?x#>uJk
aloofClam7,Todd Avant,ToddAvant83@yahoo.com,"4_=;$dE""?9""S"
shyBaboon3,Maria Crim,MariaCrim83@yahoo.com,""";to-CC&047t"
grudgingVenison2,Sarah Marshall,SarahMarshall61@gmail.com,u})FyS2#8]@x
murkyChile3,Brenda Dozier,BrendaDozier93@gmail.com,"3WG!-T(""b@?X"
wornoutQuiche5,Richard Abbott,RichardAbbott41@yahoo.com,'BkT8Z.Q/aOe
lovesickAbalone0,Lena Mensing,LenaMensing99@aol.com,qU[2\/HcY8a<
pitifulHeron9,John Snell,JohnSnell95@gmail.com,"w~Q0l&]jm,6y"
needyBagels5,Pamela Murphy,PamelaMurphy44@gmail.com,",S7ee<&Nj/q6"
gutturalChough3,Paul Muhr,PaulMuhr34@yahoo.com,"Zs-):`'U#""ei"
curiousIguana3,Henry Lindall,HenryLindall60@aol.com,7c1MKv0j''\k
mellowDotterel5,John Knell,JohnKnell92@gmail.com,"NIW56|YA,pK\"
solemnLocust8,Roger Jenkins,RogerJenkins19@yahoo.com,:?vaHjg!|@:d
unhappyTortoise2,Melissa Allen,MelissaAllen95@hotmail.com,0wlQ0f8XI2tV
exactingTermite5,Thomas Bennerson,ThomasBennerson13@aol.com,mLEg</1qVG>;
scornfulOryx2,Rafael Miller,RafaelMiller3@gmail.com,9Z%iQZ9L0&XP
crushedRuffs6,Mark Pipes,MarkPipes34@hotmail.com,1ZuHTz0`DRdq
betrayedCaviar0,Jan Custer,JanCuster11@gmail.com,{-W/[*Lc`Q$(
superiorOatmeal6,Carlos Hart,CarlosHart98@yahoo.com,h}fY5#l<(Oz/
lyingSardines8,Ethel Walters,EthelWalters6@yahoo.com,")=!d""[*BDh/4"
lovesickCockatoo6,Peter Jones,PeterJones19@aol.com,rtqlUDb)P[c0
jubilantSwift0,Gayle Clayborn,GayleClayborn1@yahoo.com,>JpFlf<E~8-$
aboardApples8,Lavern Storlie,LavernStorlie38@gmail.com,`mM?A)ar1Vf8
giddyDove4,Carol Robles,CarolRobles35@aol.com,YRP]tb(f+@iO
mercifulGatorade2,Mary Levy,MaryLevy69@aol.com,=7O1w*mg$T>u
chicBurritos4,Paul Carter,PaulCarter48@aol.com,",v0lpuxhK]G8"
dopeyTomatoe4,Chris Graves,ChrisGraves61@gmail.com,ZYhBM\Tlr>+Z
worriedZebra2,Wendy Franklin,WendyFranklin71@aol.com,X\uQ(/int:Qo
jealousOryx5,Lynn Williams,LynnWilliams38@aol.com,H_5HpjOgSk\t
innocentSnail2,Deann Bundick,DeannBundick88@yahoo.com,"&R,&l=:PIQU="
jubilantToucan4,Charles Mitchell,CharlesMitchell86@aol.com,"$21,^N@Je2Aj"
tautRuffs3,Elizabeth Guinn,ElizabethGuinn93@gmail.com,Y}8l>-s%etut
decimalThrush6,Orville Jones,OrvilleJones20@aol.com,`H?w.{Ou5($S
wornoutMuesli9,Alan Shepherd,AlanShepherd28@hotmail.com,jSz|L$*Q9DBd
peacefulClam1,Melissa Doty,MelissaDoty22@yahoo.com,~[]W>`GjT$u6
innocentSeagull9,Christopher Dawson,ChristopherDawson50@aol.com,J\^!fo6RVg@I
wrathfulPiglet0,Nancy Nelson,NancyNelson79@gmail.com,t(zd$$w~Zr5T
holisticLapwing5,Michael Niederberger,MichaelNiederberger82@yahoo.com,3=SbDaJl(_|V
wrathfulDove3,Jennie Daniel,JennieDaniel81@hotmail.com,MiA6rcFS6|F#
kindPonie0,Katie Lederer,KatieLederer75@hotmail.com,AS?IMH$@0H-a
debonairDoves8,Ronald Gray,RonaldGray65@yahoo.com,8m1zfV\rW4'7
shyCaribou1,Lora Warren,LoraWarren54@yahoo.com,I^yY\@_X;4/W
shamefulCow0,Patricia Johnson,PatriciaJohnson19@aol.com,'^4f8OXP!PhD
dopeyQuiche8,Roberta Quinn,RobertaQuinn39@yahoo.com,"[o_\""dzys{jA"
similarTomatoe7,James Bourne,JamesBourne57@yahoo.com,>Yoe{$[&%N|#
pluckyLapwing9,Jessica Sumrall,JessicaSumrall76@hotmail.com,",Q['U_=qj6:,"
lazyTacos0,Leeanna Spooner,LeeannaSpooner10@gmail.com,(){x0(+Z.>5F
superiorBoars4,Russell Zimmerman,RussellZimmerman24@yahoo.com,S>0$vK4b?CpN
shamefulCake6,Susan Burns,SusanBurns90@hotmail.com,EG\pp-Lw><Eh
peacefulLeopard7,Michael Carpenter,MichaelCarpenter17@yahoo.com,0zv1s@P8/ZSL
thrilledTomatoe8,Crystal Carr,CrystalCarr64@yahoo.com,8.{oi&y(s4+Z
insecureBoars9,Julie Cohen,JulieCohen77@aol.com,ZHnG;ir09fnM
drearyPepper4,Inez Wallace,InezWallace91@gmail.com,_(**<eJaAMs:
sadEland4,Zachary Washington,ZacharyWashington25@hotmail.com,$Ptv\Lv(1>oa
empathicEggs6,Daniel Davis,DanielDavis83@yahoo.com,xFC7j4U4vf`$
drearyMandrill8,Carroll Isabell,CarrollIsabell7@yahoo.com,n<*Y!fw`9%eu
cheerfulGelding0,Lona Weiss,LonaWeiss9@yahoo.com,"N,Iw!8PHDb2y"
vengefulBoa1,Gerald Harris,GeraldHarris70@yahoo.com,spRR*(+%?LF:
offendedTacos2,Bryan Greek,BryanGreek19@aol.com,F9K;I\tW|5zT
artisticBasmati6,Doretha Hernandez,DorethaHernandez43@yahoo.com,"uh[0dBc,zoiW"
relievedDinosaur7,Janelle Alejo,JanelleAlejo3@hotmail.com,D_:Z!#+vjJQJ
dejectedOrange5,Mildred Milian,MildredMilian69@gmail.com,.k#?+/zpB92O
wakefulJerky6,Kimberly Misiak,KimberlyMisiak8@gmail.com,R{;\4L&OcNS5
eagerWhiting3,Madge Matthews,MadgeMatthews26@gmail.com,"V`+,%uDy~QXF"
chicSnail9,Rick Meldrum,RickMeldrum34@aol.com,AZN&5XI_KViO
emptyTeal9,Elaine Freidman,ElaineFreidman12@hotmail.com,\*T1l0I>g2m.
crushedMackerel6,Louise Pierre,LouisePierre84@gmail.com,LEx[iDi]qL\D
cockyBoars2,Alexander Bennett,AlexanderBennett3@hotmail.com,aQxQ:zi$%yg[
empathicBoars3,Sheila Ganser,SheilaGanser44@gmail.com,")J,V]B^!EQ*"""
mercifulEland3,Alejandro Moore,AlejandroMoore12@aol.com,+Emgup!Eu);'
awedDoughnut0,Gloria Gray,GloriaGray12@hotmail.com,I(v5zNT(kdrf
debonairMussel8,Joseph Kenneally,JosephKenneally40@yahoo.com,dVB{QrRgPW.t
emptyThrushe8,Richard Hoefer,RichardHoefer80@aol.com,"u""W8MJ{""qJt["
tautPorpoise0,George Kirkland,GeorgeKirkland65@gmail.com,NP2o9|<=$|;5
grudgingMuesli8,Ladonna Lowe,LadonnaLowe74@aol.com,"gV,EF(4WDB-K"
shamefulFlamingo7,Charisse Brahm,CharisseBrahm6@aol.com,4Wm^MV)3#S|U
amazedCrackers3,Brittany Key,BrittanyKey86@yahoo.com,"AdLuQ?8|("":p"
euphoricCardinal2,Martha Mckee,MarthaMckee95@hotmail.com,*Z}WaaAm&4DK
peacefulCockatoo8,Nancy Gage,NancyGage37@gmail.com,""")bDVA2eg92\"
euphoricLemur5,Sally Smith,SallySmith98@gmail.com,giK$jxI38LU`
cautiousMagpie9,Mark Puente,MarkPuente48@yahoo.com,")5P,G9A],y<f"
puzzledCoconut7,Dulce Burks,DulceBurks38@hotmail.com,"ZmOHK""N3+^fW"
unhappyFish4,Barbara Stallworth,BarbaraStallworth86@aol.com,L%z'_;7r+<#7
insecureSardines7,Robert Monroe,RobertMonroe62@hotmail.com,"l""5h7K]^f9<l"
bubblyUnicorn5,Danny Ancona,DannyAncona35@yahoo.com,X'j!9cHb]bYG
cautiousCamel3,Nancy Gallipeau,NancyGallipeau42@aol.com,"],E|U=kG[x8n"
panickyOil7,Lorna Leon,LornaLeon25@yahoo.com,">Z/bCS^~,.&A"
ashamedClam1,Connie Jasso,ConnieJasso68@gmail.com,s?Fws6^(|47|
obsessedCheetah2,Susan Grisby,SusanGrisby35@yahoo.com,YKQp4=eV)Hv{
scornfulBass3,Kenneth Horner,KennethHorner6@yahoo.com,USz2[hzCmr`L
